ticket_id,tag,manual_category
TK-244142,Account & Login,Account & Login
TK-241371,Account & Login,Account & Login
TK-249112,Account & Login,Account & Login
TK-243448,Account & Login,Account & Login
TK-250084,Account & Login,Account & Login
TK-242519,App & Firmware,Charging & Battery
TK-241472,App & Firmware,App & Firmware
TK-241589,App & Firmware,App & Firmware
TK-253289,App & Firmware,App & Firmware
TK-249828,App & Firmware,Charging & Battery
TK-243832,Audio Quality,Audio Quality
TK-241270,Audio Quality,Audio Quality
TK-248105,Audio Quality,Audio Quality
TK-244475,Audio Quality,Audio Quality
TK-249058,Audio Quality,Audio Quality
TK-243387,Billing & Payments,Delivery & Shipping
TK-246452,Billing & Payments,Billing & Payments
TK-252323,Billing & Payments,Billing & Payments
TK-243264,Billing & Payments,Returns & Refunds
TK-254055,Billing & Payments,Delivery & Shipping
TK-249480,Charging & Battery,Charging & Battery
TK-244982,Charging & Battery,Charging & Battery
TK-245763,Charging & Battery,Charging & Battery
TK-244192,Charging & Battery,Charging & Battery
TK-251997,Charging & Battery,Charging & Battery
TK-251404,Connectivity,Connectivity
TK-244048,Connectivity,Connectivity
TK-252019,Connectivity,Connectivity
TK-243245,Connectivity,Connectivity
TK-249071,Connectivity,Connectivity
TK-251660,Delivery & Shipping,Delivery & Shipping
TK-247450,Delivery & Shipping,Delivery & Shipping
TK-243942,Delivery & Shipping,Delivery & Shipping
TK-254489,Delivery & Shipping,Delivery & Shipping
TK-246743,Delivery & Shipping,Delivery & Shipping
TK-245492,Other,Delivery & Shipping
TK-251674,Other,Returns & Refunds
TK-254171,Other,Audio Quality
TK-249012,Other,Other
TK-242525,Other,Billing & Payments
TK-247641,Product Enquiry,Product Enquiry
TK-247366,Product Enquiry,Product Enquiry
TK-243649,Product Enquiry,Product Enquiry
TK-245238,Product Enquiry,Product Enquiry
TK-248227,Product Enquiry,Billing & Payments
TK-244643,Returns & Refunds,Returns & Refunds
TK-250212,Returns & Refunds,Returns & Refunds
TK-254649,Returns & Refunds,Returns & Refunds
TK-250328,Returns & Refunds,Returns & Refunds
TK-241887,Returns & Refunds,Returns & Refunds
TK-250519,Warranty & Repair,Warranty & Repair
TK-243132,Warranty & Repair,Warranty & Repair
TK-252207,Warranty & Repair,Warranty & Repair
TK-253027,Warranty & Repair,Warranty & Repair
TK-248552,Warranty & Repair,Delivery & Shipping
TK-253924,Account & Login,Account & Login
TK-246488,Account & Login,Account & Login
TK-248967,Account & Login,Account & Login
TK-247171,Account & Login,Account & Login
TK-251516,Account & Login,Account & Login
TK-244864,App & Firmware,App & Firmware
TK-245609,App & Firmware,Charging & Battery
TK-250117,App & Firmware,App & Firmware
TK-248828,App & Firmware,App & Firmware
TK-246462,App & Firmware,App & Firmware
TK-245523,Audio Quality,Audio Quality
TK-242838,Audio Quality,Audio Quality
TK-245935,Audio Quality,Connectivity
TK-240910,Audio Quality,Audio Quality
TK-244917,Audio Quality,Audio Quality
TK-244937,Billing & Payments,Billing & Payments
TK-243588,Billing & Payments,Delivery & Shipping
TK-244969,Billing & Payments,Billing & Payments
TK-244700,Billing & Payments,Billing & Payments
TK-250674,Billing & Payments,Billing & Payments
TK-240904,Charging & Battery,Charging & Battery
TK-240381,Charging & Battery,Charging & Battery
TK-244974,Charging & Battery,Charging & Battery
TK-249663,Charging & Battery,Charging & Battery
TK-251793,Charging & Battery,Charging & Battery
TK-245290,Connectivity,Connectivity
TK-242039,Connectivity,Connectivity
TK-250143,Connectivity,Connectivity
TK-250708,Connectivity,Connectivity
TK-251604,Connectivity,Connectivity
TK-251668,Delivery & Shipping,Delivery & Shipping
TK-253413,Delivery & Shipping,Delivery & Shipping
TK-248453,Delivery & Shipping,Delivery & Shipping
TK-244910,Delivery & Shipping,Delivery & Shipping
TK-252243,Delivery & Shipping,Delivery & Shipping
TK-251009,Other,App & Firmware
TK-254629,Other,Billing & Payments
TK-250715,Other,Delivery & Shipping
TK-246446,Other,Account & Login
TK-251376,Other,Connectivity
TK-253830,Product Enquiry,Product Enquiry
TK-253965,Product Enquiry,Product Enquiry
TK-246682,Product Enquiry,Product Enquiry
TK-247075,Product Enquiry,Product Enquiry
TK-245938,Product Enquiry,Product Enquiry
TK-241221,Returns & Refunds,Returns & Refunds
TK-251929,Returns & Refunds,Returns & Refunds
TK-244270,Returns & Refunds,Returns & Refunds
TK-244317,Returns & Refunds,Returns & Refunds
TK-250547,Returns & Refunds,Returns & Refunds
TK-254200,Warranty & Repair,Warranty & Repair
TK-240687,Warranty & Repair,Warranty & Repair
TK-247760,Warranty & Repair,Warranty & Repair
TK-251446,Warranty & Repair,Warranty & Repair
TK-252925,Warranty & Repair,Warranty & Repair
