month,tickets,sla_breaches,rerouted_tickets,recorded_transfers,sla_breach_rate,reroute_rate,transfer_cost_inr
2025-01,314,38,54,0.0,0.121,0.172,0.0
2025-02,368,50,66,0.0,0.1359,0.1793,0.0
2025-03,462,54,72,0.0,0.1169,0.1558,0.0
2025-04,449,52,86,0.0,0.1158,0.1915,0.0
2025-05,424,49,65,0.0,0.1156,0.1533,0.0
2025-06,439,48,73,0.0,0.1093,0.1663,0.0
2025-07,462,48,80,0.0,0.1039,0.1732,0.0
2025-08,695,78,111,0.0,0.1122,0.1597,0.0
2025-09,671,68,143,75.0,0.1013,0.2131,22875.0
2025-10,847,88,130,145.0,0.1039,0.1535,44225.0
2025-11,952,112,166,175.0,0.1176,0.1744,53375.0
2025-12,869,120,163,162.0,0.1381,0.1876,49410.0
2026-01,812,96,121,119.0,0.1182,0.149,36295.0
2026-02,733,71,118,114.0,0.0969,0.161,34770.0
2026-03,780,69,125,131.0,0.0885,0.1603,39955.0
2026-04,832,96,137,132.0,0.1154,0.1647,40260.0
2026-05,756,73,111,113.0,0.0966,0.1468,34465.0
2026-06,776,82,143,133.0,0.1057,0.1843,40565.0
